{"initial_reset_timestamp": 1686120684.5418994, "timestamps": [1686120685.9362133], "episode_lengths": [596], "episode_rewards": [1410.0], "episode_types": ["t"]}