{"initial_reset_timestamp": 1686120694.1873167, "timestamps": [1686120695.6148036], "episode_lengths": [596], "episode_rewards": [1410.0], "episode_types": ["t"]}