{"initial_reset_timestamp": 1686120687.517168, "timestamps": [1686120689.0215063], "episode_lengths": [596], "episode_rewards": [1410.0], "episode_types": ["t"]}